original_name,matched_name,similarity_score,clinical_phase,moa,target,disease_area,indication
Cyclosporine,cyclosporin-A,88,Launched,calcineurin inhibitor,ABCB11|CAMLG|FPR1|PPIA|PPIF|PPP3CA|PPP3R2|SLC10A1|SLCO1B1|SLCO1B3,rheumatology|dermatology,rheumatoid arthritis|psoriasis
Ascorbic acid,ascorbic-acid,100,Launched,antioxidant,SLC23A1|SLC23A2,endocrinology,scurvy
Aspartic acid,L-aspartic-acid,93,Launched,metallic radical formation stimulant,ACY1|ACY3|ADSS|ADSSL1|ASNS|ASPA|ASPH|ASRGL1|ASS1|CAD|DARS|DARS2|GOT1|GOT2|GRIN1|GRIN2A|GRIN2B|GRIN2C|GRIN2D|LYZ|PAICS|RNASE1|SLC1A1|SLC25A12|SLC25A13,,
Adenosine phosphate,adenosine-phosphate,100,Launched,adenosine receptor agonist,ACSL1|ACSS1|ACSS2|ADCY1|ADK|CREB1|FBP1|HINT1|PDE4B|PDE4D|PIM1|PRKAA1|PRKAB1|PRKAB2|PYGL|TRPM4,,
alpha-Linolenic acid,alpha-linolenic-acid,100,Phase 3,omega 3 fatty acid stimulant,ELOVL4|FADS1|FADS2|FFAR1|FFAR4|PTGS2|SLC8A1|TRPV1,,
Tyrosine,tylosin,80,Launched,protein synthesis inhibitor,,infectious disease|gastroenterology,gram-positive bacterial infections|colitis
Succinic acid,succinic-acid,100,Launched,,ALDH5A1|ASPH|BBOX1|HSD17B6|OXCT1|OXCT2|P3H1|P3H2|P3H3|P4HA1|P4HA2|PLOD1|PLOD3|SDHA|SDHB|SDHC|SDHD|SLC13A1|SLC13A2|SLC13A3|SLC25A10|SUCLA2|SUCLG1|SUCLG2|SUCNR1|TMLHE,,
Glutamic acid,L-glutamic-acid,93,Launched,glutamate receptor agonist,AADAT|AASS|ABAT|ALDH18A1|ASNS|BCAT1|BCAT2|CCBL2|DNPEP|EARS2|ENPEP|EPRS|FOLH1|FPGS|FTCD|GAD1|GAD2|GATB|GCLC|GCLM|GGCX|GLS|GLS2|GLUD1|GLUD2|GLUL|GMPS|GOT1|GOT2|GPT|GPT2|GRIA1|GRIA2|GRIA3|GRIA4|GRID1|GRID2|GRIK1|GRIK2|GRIK3|GRIK4|GRIK5|GRIN1|GRIN2A|GRIN2B|GRIN2C|GRIN2D|GRIN3A|GRIN3B|GRM1|GRM2|GRM3|GRM4|GRM6|GRM7|GRM8|LGSN|NADSYN1|NAGS|OPLAH|PFAS|PGCP|PSAT1|SLC1A1|SLC1A2|SLC1A3|SLC1A6|SLC1A7|SLC25A18|SLC25A22|SLC7A11|TAT,,
NADH,NADPH,89,Preclinical,,DRD2|DRD3|DRD4|GHSR|HTR2A|HTR2C,,
Folic acid,folic-acid,100,Launched,folate receptor ligand,FOLR2|FOLR3|SLC19A1|SLC46A1,hematology,megaloblastic anemia
Vitamin E,vitamin-E,100,Launched,LDL oxidation inhibitor|PKC inhibitor,ALOX5|DGKA|NR1I2|PPP2CA|PPP2CB|PRKCA|PRKCB|SEC14L2|SEC14L3|SEC14L4,,
Lipoic acid,iopodic-acid,87,Launched,,,radiology,contrast agent
Amphetamine,impentamine,82,Preclinical,histamine receptor antagonist,HRH3,,
Phentermine,mephentermine,92,Launched,adrenergic receptor agonist,ADRA1A|ADRA1B|ADRA1D|ADRA2A|ADRA2B|ADRA2C|ADRB1|ADRB2|ADRB3,cardiology,hypotension
Indecainide,pincainide,86,Phase 1,antiarrhythmic,,,
Aminosalicylic acid,salicylic-acid,85,Launched,cyclooxygenase inhibitor|prostanoid receptor antagonist,AKR1C1|ASIC3|PTGS1|PTGS2,dermatology|endocrinology|neurology/psychiatry,acne vulgaris (AV)|fever|pain relief
Butabarbital,butalbital,82,Launched,GABA receptor antagonist,CHRNA4|CHRNA7|GABRA1|GABRA2|GABRA3|GABRA4|GABRA5|GABRA6|GABRB1|GABRB2|GABRB3|GABRD|GABRE|GABRG1|GABRG2|GABRG3|GABRP|GABRQ|GRIA2|GRIK2,neurology/psychiatry,headache|muscle relaxant
Alclometasone,clomesone,82,Phase 1,DNA inhibitor,,,
Benzatropine,atropine,80,Launched,acetylcholine receptor antagonist,CHRM1|CHRM2|CHRM3,ophthalmology,cycloplegia|mydriasis|amblyopia
Cycloserine,cycloserine-(D),92,Launched,bacterial cell wall synthesis inhibitor,GRIN1,infectious disease,tuberculosis|tuberculosis
Tenofovir disoproxil,tenofovir-disoproxil,100,Launched,nucleoside reverse transcriptase inhibitor,CYP1A2,infectious disease,human immunodeficiency virus (HIV-1)|hepatitis B
Tranexamic acid,tranexamic-acid,100,Launched,antifibrinolytic|plasminogen activator inhibitor,PLG,hematology,hemophilia
Valproic acid,valproic-acid,100,Launched,benzodiazepine receptor agonist|HDAC inhibitor,ABAT|ACADSB|ALDH5A1|HDAC1|HDAC2|HDAC9|OGDH|SCN10A|SCN11A|SCN1A|SCN1B|SCN2A|SCN2B|SCN3A|SCN3B|SCN4A|SCN4B|SCN5A|SCN7A|SCN8A|SCN9A,neurology/psychiatry,epilepsy|seizures|seizures
Calcium glucoheptonate,calcium-gluceptate,90,Launched,,,,
Methadone,dimethadione,86,Preclinical,oxazolidine antiepileptic,,,
Atenolol,atenolol-(+),100,Preclinical,adrenergic receptor antagonist,,,
Aminohippuric acid,4-aminohippuric-acid,95,Launched,,SLC22A6,nephrology,renal diagnostic agent
Megestrol acetate,megestrol-acetate,100,Launched,progesterone receptor agonist,NR3C1|PGR,neurology/psychiatry|endocrinology,anorexia|cachexia
Grepafloxacin,delafloxacin,80,Phase 3,antiinfective drug,,,
Meprobamate,phenprobamate,83,Launched,muscle relaxant,,neurology/psychiatry,anxiety|muscle relaxant
Beclomethasone dipropionate,beclomethasone-dipropionate,100,Launched,glucocorticoid receptor agonist,GPR97|NR3C1,allergy,allergic rhinitis
Phenylpropanolamine,"""1S,2R-phenylpropanolamine""",86,Withdrawn,adrenergic receptor agonist,,,
Zoledronic acid,zoledronic-acid,100,Launched,bone resorption inhibitor,FDPS|GGPS1,endocrinology,Paget's disease
Zolpidem,alpidem,80,Withdrawn,benzodiazepine receptor agonist,GABRA1,,
Cerivastatin,cilastatin,82,Launched,dehydropeptidase inhibitor,DPEP1,,
Meperidine,hesperidin,80,Launched,flavanone glycoside,AURKB|CACNA1B,,
Methscopolamine bromide,butylscopolamine-bromide,85,Launched,cholinergic receptor antagonist,,gastroenterology,abdominal pain
Sodium tetradecyl sulfate,sodium-tetradecyl-sulfate,100,Launched,,PROC,dermatology,varicose veins
Gallamine triethiodide,gallamine-triethiodide,100,Launched,acetylcholine receptor antagonist,CHRM2|CHRNA1,neurology/psychiatry,muscle relaxant
Aminocaproic acid,aminocaproic-acid,100,Launched,plasminogen activator inhibitor,LPA|PLAT|PLG,hematology,fibrinolytic bleeding
Anisotropine methylbromide,homatropine-methylbromide,86,Launched,acetylcholine receptor antagonist,CHRM5,ophthalmology,uveal tract inflammation
Alitretinoin,tretinoin,86,Launched,retinoid receptor agonist|retinoid receptor ligand,ALDH1A1|ALDH1A2|GPRC5A|NR0B1|NR2C2|PPARD|RARA|RARB|RARG|RARRES1|RORB|RORC|RXRB|RXRG,hematologic malignancy,acute promyelocytic leukemia (APL)
Pyridostigmine,physostigmine,81,Launched,acetylcholinesterase inhibitor|cholinesterase inhibitor,ACHE|BCHE,cardiology|neurology/psychiatry|ophthalmology|gastroenterology,hypotension|Alzheimer's disease|glaucoma|gastroparesis
Azelaic acid,azelaic-acid,100,Launched,tyrosinase inhibitor,AKR1D1|SRD5A2|TYR,dermatology,rosacea
Acetohydroxamic acid,acetohydroxamic-acid,100,Launched,urease inhibitor,MMP12,infectious disease,urinary tract infections
Perflutren,perflubron,80,Launched,contrast agent,,radiology,contrast agent
Cinnarizine,cinnarazine,91,Launched,calcium channel blocker,,neurology/psychiatry|gastroenterology|ophthalmology,Meniere's disease|nausea|vomiting|Cogan's syndrome
Fenfluramine,enflurane,86,Launched,membrane permeability inhibitor,GABRA1|GABRA2|GABRA3|GABRA4|GABRA5|GABRA6|GABRB1|GABRB2|GABRB3|GABRD|GABRE|GABRG1|GABRG2|GABRG3|GABRP|GABRQ|GLRA1|GLRB|KCNK10|KCNK18|KCNK2|KCNK3|KCNK9,neurology/psychiatry,anesthetic
Fluticasone propionate,fluticasone-propionate,100,Launched,glucocorticoid receptor agonist,NR3C1|NR3C2|PGR|PLA2G4A,dermatology,corticosteroid-responsive dermatoses
Fluocinolone acetonide,fluocinolone-acetonide,100,Launched,glucocorticoid receptor agonist,NR3C1|SERPINA6,dermatology,seborrheic dermatitis
Medroxyprogesterone acetate,medroxyprogesterone-acetate,100,Launched,progesterone receptor agonist,ESR1|PGR,endocrinology,contraceptive
Dextropropoxyphene,levopropoxyphene,82,Launched,antitussive,,pulmonary,cough suppressant
Pentazocine,phenazone,80,Launched,cyclooxygenase inhibitor,PTGS1|PTGS2,neurology/psychiatry,pain relief
Nafarelin,alarelin,82,Launched,gonadotropin releasing factor hormone receptor antagonist,GNRH1,,
Benzyl benzoate,benzyl-benzoate,100,Launched,lipase inhibitor,LIPE,allergy,sweet itch
Amphotericin B,amphotericin-b,100,Launched,membrane permeability enhancer,,infectious disease,fungal infection
Midazolam,remimazolam,80,Phase 3,benzodiazepine receptor agonist,GABBR1,,
Fludrocortisone,hydrocortisone,83,Launched,glucocorticoid receptor agonist,ANXA1|NOS2|NR3C1|NR3C2,dermatology|neurology/psychiatry,eczema|psoriasis|seborrheic dermatitis|itching
Mycophenolate mofetil,mycophenolate-mofetil,100,Launched,dehydrogenase inhibitor|inositol monophosphatase inhibitor,IMPDH1|IMPDH2,transplant,organ rejection
Flurbiprofen,flurbiprofen-(+/-),100,Launched,cyclooxygenase inhibitor,,rheumatology,rheumatoid arthritis|osteoarthritis
Apomorphine,(R)-(-)-apomorphine,92,Launched,dopamine receptor agonist,ADRA2A|ADRA2B|ADRA2C|CALY|DRD1|DRD2|DRD3|DRD4|DRD5|HTR1A|HTR1B|HTR1D|HTR2A|HTR2B|HTR2C|HTR5A,neurology/psychiatry,Parkinson's Disease
Adefovir dipivoxil,adefovir-dipivoxil,100,Launched,DNA polymerase inhibitor,,infectious disease,hepatitis B
Clodronic acid,clodronic-acid,100,Launched,bone resorption inhibitor,SLC25A4|SLC25A5|SLC25A6,orthopedics|endocrinology|hematologic malignancy,osteoporosis|hyperparathyroidism|hypercalcemia|multiple myeloma
Homatropine methylbromide,homatropine-methylbromide,100,Launched,acetylcholine receptor antagonist,CHRM5,ophthalmology,uveal tract inflammation
Mannitol,mannitol-D,89,Launched,diuretic,,neurology/psychiatry|ophthalmology|gastroenterology,intracranial pressure|intraocular pressure|constipation
Gadobenic acid,capobenic-acid,86,Preclinical,,,,
Potassium chloride,potassium-iodide,82,Launched,,,pulmonary,asthma|bronchitis|emphysema
Propiomazine,promazine,86,Launched,dopamine receptor antagonist,ADRA1A|ADRA1B|ADRA1D|CHRM1|CHRM2|CHRM3|CHRM4|CHRM5|DRD1|DRD2|DRD3|DRD4|HRH1|HTR2A|HTR2C,neurology/psychiatry,schizophrenia
Nalidixic acid,nalidixic-acid,100,Launched,bacterial DNA gyrase inhibitor,,infectious disease,urinary tract infections
Mefenamic acid,mefenamic-acid,100,Launched,cyclooxygenase inhibitor,KCNQ1|PTGS1|PTGS2|TRPM3,endocrinology,primary dysmenorrhea (PD)
Gadopentetic acid,gadopentetic-acid,100,Launched,contrast agent,PGD,radiology,contrast agent
Uracil mustard,uracil-mustard,100,Launched,DNA synthesis inhibitor,,hematologic malignancy,non-Hodgkin lymphoma (NHL)
Candesartan cilexetil,candesartan-cilexetil,100,Launched,angiotensin receptor antagonist,,cardiology,hypertension|congestive heart failure|hypertension
Gentamicin,gentamycin,90,Launched,bacterial 50S ribosomal subunit inhibitor,HSPA8,infectious disease|critical care,bone and joint infections|endocarditis|pelvic inflammatory disease|meningitis|pneumonia|urinary tract infections|sepsis
Ethynodiol diacetate,ethynodiol-diacetate,100,Launched,,ESR1|PGR,endocrinology,contraceptive
Diazepam,ripazepam,82,Phase 2,benzodiazepine receptor agonist,GABRA1,,
Aminolevulinic acid,5-aminolevulinic-acid,95,Launched,oxidizing agent,ALAD,oncology|dermatology,glioma|actinic keratosis (AK)
Penicillamine,penicillamine-(D),93,Launched,chelating agent,,metabolism|rheumatology|nephrology,Wilson's disease|rheumatoid arthritis|cystinuria
Benzphetamine,benethamine,83,Preclinical,,,,
Isosorbide dinitrate,isosorbide-dinitrate,100,Launched,nitric oxide stimulant,GUCY1A2|GUCY1A3|GUCY1B2|GUCY1B3|NPR1,cardiology,angina pectoris|coronary artery disease (CAD)
Triazolam,etizolam,82,Launched,benzodiazepine receptor agonist,GABRA1,neurology/psychiatry,insomnia|anxiety
Etacrynic acid,etacrynic-acid,100,Launched,sodium/potassium/chloride transporter inhibitor,ATP1A1|SLC12A1,cardiology|gastroenterology|nephrology|rheumatology,hypertension|congestive heart failure|edema|hepatic cirrhosis|chronic renal failure|nephrotic syndrome
Cocaine,procaine,80,Launched,HMGCR inhibitor,CHRNA2|GRIN3A|HTR3A|KCNMA1|KCNMB1|KCNMB2|KCNMB3|KCNMB4|KCNN1|KCNN2|KCNN3|KCNN4|MAOA|MAOB|RYR1|RYR2|SCN10A|SLC6A3,neurology/psychiatry,anesthetic
Anileridine,alexidine,80,Preclinical,phosphatidylglycerophosphatase inhibitor,PTPMT1,,
Salicylic acid,salicylic-acid,100,Launched,cyclooxygenase inhibitor|prostanoid receptor antagonist,AKR1C1|ASIC3|PTGS1|PTGS2,dermatology|endocrinology|neurology/psychiatry,acne vulgaris (AV)|fever|pain relief
Meclofenamic acid,meclofenamic-acid,100,Launched,cyclooxygenase inhibitor|prostanoid receptor antagonist,ALOX5|CNR1|KCNQ2|KCNQ3|PTGS1|PTGS2,rheumatology|neurology/psychiatry|endocrinology,joint pain|muscle pain|rheumatoid arthritis|primary dysmenorrhea (PD)
Hydrocodone,hydrocortisone,80,Launched,glucocorticoid receptor agonist,ANXA1|NOS2|NR3C1|NR3C2,dermatology|neurology/psychiatry,eczema|psoriasis|seborrheic dermatitis|itching
Edetic acid,pentetic-acid,83,Phase 2,chelating agent,,,
Methyl aminolevulinate,methyl-aminolevulinate,100,Launched,oxidizing agent,FCGR1A|FECH,dermatology,actinic keratosis (AK)
Cyclacillin,cloxacillin,82,Launched,bacterial cell wall synthesis inhibitor,,infectious disease,gram-positive bacterial infections
Levobupivacaine,bupivacaine,85,Launched,sodium channel blocker,KCNA5|SCN10A,neurology/psychiatry,peripheral nerve block|caudal epidural block|lumbar epidural block
Cromoglicic acid,cromoglicic-acid,100,Launched,immunosuppressant,KCNMA1|S100P,pulmonary|ophthalmology|allergy|gastroenterology,asthma|conjunctivitis|urticaria|ulcerative colitis
Clobetasol propionate,clobetasol-propionate,100,Launched,glucocorticoid receptor agonist,NR3C1|PLA2G1B,dermatology,corticosteroid-responsive dermatoses
Isosorbide mononitrate,isosorbide-mononitrate,100,Launched,nitric oxide stimulant,GUCY1A2|GUCY1A3|GUCY1B2|GUCY1B3,cardiology,angina pectoris|coronary artery disease (CAD)
Mycophenolic acid,mycophenolic-acid,100,Launched,dehydrogenase inhibitor|inositol monophosphatase inhibitor,IMPDH1|IMPDH2,transplant,organ rejection
Etidronic acid,etidronic-acid,100,Launched,bone resorption inhibitor,ATP6V1A|PTPRS,endocrinology|orthopedics,Paget's disease|heterotopic ossification
Arbutamine,arbutin,82,Phase 2/Phase 3,melanin inhibitor,TYR,,
Proflavine,riboflavin,80,Launched,vitamin B,BLVRB|RFK,gastroenterology,jaundice
Sulfoxone,sulfadoxine,80,Launched,dihydropteroate synthase inhibitor,,infectious disease,malaria
Arsenic trioxide,arsenic-trioxide,100,Launched,apoptosis stimulant,AKT1|CCND1|IKBKB|JUN|MAPK1|MAPK3|TXNRD1,gastroenterology,diarrhea
Desflurane,enflurane,84,Launched,membrane permeability inhibitor,GABRA1|GABRA2|GABRA3|GABRA4|GABRA5|GABRA6|GABRB1|GABRB2|GABRB3|GABRD|GABRE|GABRG1|GABRG2|GABRG3|GABRP|GABRQ|GLRA1|GLRB|KCNK10|KCNK18|KCNK2|KCNK3|KCNK9,neurology/psychiatry,anesthetic
Estazolam,etizolam,82,Launched,benzodiazepine receptor agonist,GABRA1,neurology/psychiatry,insomnia|anxiety
Encainide,acecainide,84,Phase 3,polarization inhibitor,SCN5A,,
Bromodiphenhydramine,diphenhydramine,86,Launched,histamine receptor antagonist,HRH1,neurology/psychiatry,headache
Arformoterol,formoterol,91,Launched,adrenergic receptor agonist,ADRB2,pulmonary,asthma|chronic obstructive pulmonary disease (COPD)|bronchospasm
Bismuth subsalicylate,bismuth-subsalicylate,100,Launched,antacid,,gastroenterology,diarrhea
Ceftizoxime,ceftizoxim,95,Launched,bacterial cell wall synthesis inhibitor,,infectious disease,respiratory tract infections|urinary tract infections|gonorrhea|pelvic inflammatory disease|intra-abdominal infections|bacterial septicemia|skin infections|bone and joint infections|meningitis
Potassium cation,antimony-potassium,88,Phase 2,,,,
Butobarbital,butalbital,82,Launched,GABA receptor antagonist,CHRNA4|CHRNA7|GABRA1|GABRA2|GABRA3|GABRA4|GABRA5|GABRA6|GABRB1|GABRB2|GABRB3|GABRD|GABRE|GABRG1|GABRG2|GABRG3|GABRP|GABRQ|GRIA2|GRIK2,neurology/psychiatry,headache|muscle relaxant
Cortisone acetate,cortisone-acetate,100,Launched,glucocorticoid receptor agonist,NR3C1,pulmonary|rheumatology|allergy|dermatology|ophthalmology|gastroenterology|infectious disease,asthma|rheumatoid arthritis|urticaria|osteoarthritis|psoriasis|allergic rhinitis|conjunctivitis|ulcerative colitis|meningitis
Glutethimide,aminoglutethimide,83,Launched,glucocorticoid receptor antagonist,CYP11A1|CYP19A1,endocrinology|oncology,Cushing's syndrome|breast cancer
gamma-Hydroxybutyric acid,aminohydroxybutyric-acid,86,Launched,,,neurology/psychiatry,epilepsy
Dextroamphetamine,hydroxyamphetamine,80,Launched,trace amine associated receptor agonist,TAAR1,ophthalmology,mydriasis
Ketazolam,etizolam,82,Launched,benzodiazepine receptor agonist,GABRA1,neurology/psychiatry,insomnia|anxiety
Prazepam,ripazepam,82,Phase 2,benzodiazepine receptor agonist,GABRA1,,
Tiaprofenic acid,tiaprofenic-acid,100,Launched,cyclooxygenase inhibitor,PTGS2,rheumatology,rheumatoid arthritis
Amyl Nitrite,amyl-nitrite,100,Preclinical,atrial natriuretic peptide receptor agonist,,,
Isopropamide,iopromide,86,Launched,radiopaque medium,,radiology,contrast agent
Camphor,camphor-(+),100,Phase 2,,,,
Pantothenic acid,pantothenic-acid,100,Launched,coenzyme A precursor,,,
Propylene glycol,propylene-glycol,100,Launched,,,,
Flufenamic acid,flufenamic-acid,100,Preclinical,chloride channel blocker,AKR1C3|ANO1|AR|GJA1|GJA10|GJA3|GJA4|GJA5|GJA8|GJA9|GJB1|GJB2|GJB3|GJB4|GJB5|GJB6|GJB7|GJC1|GJC2|GJC3|GJD2|GJD3|GJD4|GJE1|PANX1|PANX2|PANX3|PKD2L1|PTGS1|PTGS2|TRPC5|TRPM2|TRPM5,,
Aminobenzoic acid,benzoic-acid,83,Launched,food preservative,DAO|HRSP12|PRDX5|RAB9A,infectious disease,tinea pedis
gamma-Aminobutyric acid,gamma-aminobutyric-acid,100,Preclinical,benzodiazepine receptor agonist,GABBR1|GABBR2|GABRA1|GABRA2|GABRA3|GABRA5|GABRB2|GABRG2|GATM|KCTD12|KCTD16|KCTD8|SLC6A1,,
Cholic Acid,cholic-acid,100,Launched,bile acid,ADH1C|CES1|COX4I1|COX5A|COX5B|COX6A2|COX6B1|COX6C|COX7A1|COX7B|COX7C|COX8A|ESRRG|FABP6|FECH|GPBAR1|MT-CO1|MT-CO2|MT-CO3|PLA2G1B,gastroenterology|neurology/psychiatry|genetics,bile acid synthesis disorders|peroxisomal disorders|Zellweger syndrome
Fusidic acid,fusidic-acid,100,Launched,bacterial 30S ribosomal subunit inhibitor,,dermatology,acne vulgaris (AV)
Lauric acid,lauric-acid,100,Phase 3,bacterial permeability inducer,GPR84|HNF4A|LTF|LY96|PLA2G2A|TLR4,,
Glycolic acid,cholic-acid,83,Launched,bile acid,ADH1C|CES1|COX4I1|COX5A|COX5B|COX6A2|COX6B1|COX6C|COX7A1|COX7B|COX7C|COX8A|ESRRG|FABP6|FECH|GPBAR1|MT-CO1|MT-CO2|MT-CO3|PLA2G1B,gastroenterology|neurology/psychiatry|genetics,bile acid synthesis disorders|peroxisomal disorders|Zellweger syndrome
Pidolic acid,pidolic-acid,100,Launched,,ADAM28|AMY1A|AMY2A|AMY2B|ANG|CCL8|HCRT|IGLC1|KRTAP5-2|TFF2|VEGFA,dermatology,xerosis cutis
Flavin adenine dinucleotide,flavin-adenine-dinucleotide,100,Preclinical,,ACAD8|ACADM|ACADS|ACOX1|AIFM1|CYB5R1|CYB5R3|DAO|DLD|DPYD|ERO1LB|FDXR|GCDH|GFER|GSR|IL4I1|IVD|MAOA|MAOB|NOS1|NQO1|NQO2|POR|TXNRD1|XDH,,
Acetic acid,acexamic-acid,83,Launched,5 alpha reductase inhibitor,GAST,dermatology,wound healing
Propyl alcohol,perillyl-alcohol,80,Phase 2,apoptosis stimulant|farnesyltransferase inhibitor,FNTA,,
Stearic acid,terreic-acid-(-),83,Preclinical,Bruton's tyrosine kinase (BTK) inhibitor,BTK,,
Deoxycholic acid,deoxycholic-acid,100,Launched,biliverdin reductase A activator|G protein-coupled receptor agonist,FPR1|GPBAR1,endocrinology,submental fat
Propanoic acid,iopanic-acid,85,Withdrawn,thyroid hormone inhibitor,,,
Benzoic acid,benzoic-acid,100,Launched,food preservative,DAO|HRSP12|PRDX5|RAB9A,infectious disease,tinea pedis
Palmitic Acid,palmitoleic-acid,90,Preclinical,,,,
Hexamidine,hexetidine,80,Launched,local anesthetic,,otolaryngology|infectious disease|dental|gastroenterology,pharyngitis|meningitis|laryngitis|gingivitis|ulcerative colitis
Fructose,fosfructose,84,Phase 3,fructose diphosphate stimulant,,,
Oleic Acid,folic-acid,90,Launched,folate receptor ligand,FOLR2|FOLR3|SLC19A1|SLC46A1,hematology,megaloblastic anemia
Citric acid,citric-acid,100,Preclinical,coagulation factor inhibitor,AKR1B1|ANG|APRT|BHMT|C8G|CA4|CPB1|CS|CTDSP1|GNMT|HGS|HS3ST3A1|IL4I1|ITPA|LSM6|MDH2|MIF|PDE5A|PKD2L1|PLEKHA1|RNASE1|RNASE3|SRC|TNFSF13B|UCK2,,
Taurocholic acid,cholic-acid,81,Launched,bile acid,ADH1C|CES1|COX4I1|COX5A|COX5B|COX6A2|COX6B1|COX6C|COX7A1|COX7B|COX7C|COX8A|ESRRG|FABP6|FECH|GPBAR1|MT-CO1|MT-CO2|MT-CO3|PLA2G1B,gastroenterology|neurology/psychiatry|genetics,bile acid synthesis disorders|peroxisomal disorders|Zellweger syndrome
Lactic acid,citric-acid,82,Preclinical,coagulation factor inhibitor,AKR1B1|ANG|APRT|BHMT|C8G|CA4|CPB1|CS|CTDSP1|GNMT|HGS|HS3ST3A1|IL4I1|ITPA|LSM6|MDH2|MIF|PDE5A|PKD2L1|PLEKHA1|RNASE1|RNASE3|SRC|TNFSF13B|UCK2,,
Lactose,lactulose,88,Launched,laxative,,gastroenterology,portal-systemic encephalopathy (PSE)
Benoxaprofen,fenoprofen,82,Launched,prostaglandin inhibitor,PTGS1|SLC5A8,rheumatology,rheumatoid arthritis|osteoarthritis
Oxeladin,oxelaidin,94,Launched,antitussive,,pulmonary,cough suppressant
Rapacuronium,pancuronium,87,Launched,acetylcholine receptor antagonist,CHRM2|CHRM3|CHRNA1|CHRNA2,critical care|neurology/psychiatry,endotracheal intubation|muscle relaxant
Cyproterone acetate,cyproterone-acetate,100,Launched,androgen receptor antagonist,ADORA1|AR,oncology,prostate cancer
Clevidipine,cilnidipine,82,Launched,calcium channel blocker,CACNA1B,cardiology,hypertension
Ingenol mebutate,ingenol-mebutate,100,Launched,PKC activator,PRKCA|PRKCB|PRKCD|PRKCE|PRKCG,dermatology,actinic keratosis (AK)
Migalastat,miglustat,84,Launched,glycosyl transferase inhibitor,UGCG,hematology,Gaucher disease
Silver sulfadiazine,silver-sulfadiazine,100,Launched,PABA antagonist,,critical care,sepsis
Iodine,midodrine,80,Launched,adrenergic receptor agonist,,cardiology,hypotension
Sodium stibogluconate,sodium-stibogluconate,100,Launched,tyrosine phosphatase inhibitor,PTPN6,infectious disease,leishmaniasis
Levoketoconazole,ketoconazole,86,Launched,sterol demethylase inhibitor,KCNA10,dermatology,seborrheic dermatitis
Obeticholic acid,obeticholic-acid,100,Launched,FXR agonist,NR1H4,gastroenterology,primary biliary cholangitis
Arzoxifene,bazedoxifene,82,Launched,selective estrogen receptor modulator (SERM),ESR1|ESR2,orthopedics|endocrinology,osteoporosis|menopause
Oxymetholone,oxymetazoline,80,Launched,adrenergic receptor agonist,ADRA1A|ADRA1B|ADRA1D|ADRA2A|ADRA2B|ADRA2C|HTR1B|HTR1D|HTR2C,otolaryngology,nasal congestion
Armodafinil,adrafinil,80,Launched,adrenergic receptor agonist,,neurology/psychiatry,fatigue
Ceftaroline fosamil,ceftaroline-fosamil,100,Launched,bacterial cell wall synthesis inhibitor,,infectious disease,skin infections|pneumonia
Ethanolamine oleate,ethanolamine-oleate,100,Launched,immunostimulant,F12|FABP4|FFAR1|FFAR4|PLD2,gastroenterology,esophageal varices
Dabigatran etexilate,dabigatran-etexilate,100,Launched,thrombin inhibitor,F2,neurology/psychiatry|hematology,stroke|systemic embolism|pulmonary embolism (PE)|deep vein thrombosis (DVT)
Potassium Iodide,potassium-iodide,100,Launched,,,pulmonary,asthma|bronchitis|emphysema
Fospropofol,propofol,84,Launched,benzodiazepine receptor agonist,FAAH|GABRA1|GABRA2|GABRA3|GABRA4|GABRA5|GABRA6|GABRB1|GABRB2|GABRB3|GABRD|GABRE|GABRG1|GABRG2|GABRG3|GABRP|GABRQ|SCN2A|SCN4A,neurology/psychiatry,anesthetic
Fosaprepitant,aprepitant,87,Launched,tachykinin antagonist,TACR1,gastroenterology,nausea|vomiting
Benzyl alcohol,benzyl-alcohol,100,Launched,local anesthetic,,infectious disease,virus herpes simplex (HSV)
Carglumic acid,carglumic-acid,100,Launched,carbamoyl phosphate synthase activator,CPS1,metabolism,hyperammonemia
Chenodeoxycholic acid,chenodeoxycholic-acid,100,Launched,11-beta hydroxysteroid dehydrogenase inhibitor|FXR agonist,HSD11B1|NR1H4,cardiology|gastroenterology,cerebral cholesterosis|gallstones
Desoxycorticosterone acetate,deoxycorticosterone-acetate,98,Preclinical,progestogen hormone,NR3C2,,
Hydroxyprogesterone caproate,17-hydroxyprogesterone-caproate,95,Launched,progesterone receptor agonist,AR|ESR1|ESR2|NR1H4|NR1I2|NR3C1|PGR,obstetrics/gynecology,spontaneous preterm birth
Phenyl aminosalicylate,phenyl-aminosalicylate,100,Launched,,,infectious disease,tuberculosis
Pyrithione,pyrithyldione,87,Withdrawn,psychoactive drug,,,
Unoprostone,dinoprostone,87,Withdrawn,prostanoid receptor agonist,CATSPER1|CATSPER2|CATSPER3|CATSPER4|PTGDR|PTGDR2|PTGER1|PTGER2|PTGER3|PTGER4|PTGFR|TBXA2R,,
Chloramphenicol succinate,chloramphenicol-sodium-succinate,88,Launched,protein synthesis inhibitor,,infectious disease,gram-negative bacterial infections
Hyaluronic acid,hyaluronic-acid,100,Launched,,C1QBP|CD44|HABP2|HAPLN1|HAPLN3|HAPLN4|HMMR|ICAM1|NCAN|VCAN,rheumatology|urology,osteoarthritis|interstitial cystitis (IC)
Acetylcarnitine,N-acetylcarnosine,81,Launched,,,,
Gabapentin enacarbil,gabapentin-enacarbil,100,Launched,adrenergic receptor agonist,CACNA1G,neurology/psychiatry,restless leg syndrome|postherpetic neuralgia
Gadoxetic acid,gadopentetic-acid,84,Launched,contrast agent,PGD,radiology,contrast agent
Fluticasone furoate,fluticasone-propionate,83,Launched,glucocorticoid receptor agonist,NR3C1|NR3C2|PGR|PLA2G4A,dermatology,corticosteroid-responsive dermatoses
Dimethyl fumarate,dimethyl-fumarate,100,Launched,nuclear factor erythroid derived|like (NRF2) activator,KEAP1,neurology/psychiatry,multiple sclerosis
Glycerol phenylbutyrate,glycerol-phenylbutyrate,100,Phase 1,sigma receptor ligand,,,
Levomilnacipran,milnacipran,85,Launched,serotonin–norepinephrine reuptake inhibitor (SNRI),SLC6A2|SLC6A4,rheumatology,fibromyalgia
Iopanoic acid,iopanic-acid,96,Withdrawn,thyroid hormone inhibitor,,,
Fluclorolone acetonide,fluocinolone-acetonide,86,Launched,glucocorticoid receptor agonist,NR3C1|SERPINA6,dermatology,seborrheic dermatitis
Etidocaine,lidocaine,84,Launched,histamine receptor agonist,EGFR|SCN10A|SCN5A|SCN9A,neurology/psychiatry|dermatology|hematology,itching|eczema|hemorrhage
Canrenoic acid,tannic-acid,80,Launched,PARG inhibitor,ANO1,gastroenterology,constipation
Tedizolid phosphate,tedizolid-phosphate,100,Launched,protein synthesis inhibitor,,infectious disease,skin infections
Sodium oxybate,sodium-ascorbate,80,Launched,,,,
Podophyllin,podophyllotoxin,85,Launched,microtubule inhibitor|tubulin polymerization inhibitor,IGF1R|TOP2A|TUBA4A|TUBB,infectious disease,genital warts
Benzoyl peroxide,benzoyl-peroxide,100,Launched,oxidizing agent,,dermatology,acne vulgaris (AV)
Coenzyme M,coenzyme-I,90,Phase 2,,AASS|ACADS|ADH1A|ADH1B|ADH1C|ADH4|ADH5|ADH7|AKR1B1|AKR1C1|AKR1C2|AKR1C3|AKR1C4|ALDH1A1|ALDH1A2|ALDH1A3|ALDH1B1|ALDH2|ALDH3A1|ALDH3A2|ALDH3B1|ALDH3B2|ALDH4A1|ALDH5A1|ALDH6A1|ALDH7A1|ALDH9A1|AMT|BDH1|BLVRA|BLVRB|CDO1|CYB5R3|CYP17A1|CYP4A11|DHCR7|DHFR|DLAT|DLD|EHHADH|GAPDH|GAPDHS|GLUD1|GLUD2|GPD1|GSR|H6PD|HADH|HADHA|HIBADH|HMGCR|HMOX1|HMOX2|HPGD|HSD11B1|HSD11B2|HSD17B1|HSD17B10|HSD17B2|HSD17B3|HSD17B4|HSD17B7|HSD17B8|HSD3B1|HSD3B2|IDH3A|IDH3B|IDH3G|IMPDH1|IMPDH2|LDHA|LDHAL6A|LDHAL6B|LDHB|LDHC|MDH1|MDH2|ME1|ME2|ME3|MSMO1|MT-ND1|MT-ND2|MT-ND3|MT-ND4|MT-ND4L|MT-ND5|MT-ND6|MTHFD1|MTHFD2|NDUFA1|NDUFA10|NDUFA11|NDUFA12|NDUFA13|NDUFA2|NDUFA3|NDUFA4|NDUFA4L2|NDUFA5|NDUFA6|NDUFA7|NDUFA8|NDUFA9|NDUFAB1|NDUFB1|NDUFB10|NDUFB2|NDUFB3|NDUFB4|NDUFB5|NDUFB6|NDUFB7|NDUFB8|NDUFB9|NDUFC1|NDUFC2|NDUFS1|NDUFS2|NDUFS3|NDUFS4|NDUFS5|NDUFS6|NDUFS7|NDUFS8|NDUFV1|NDUFV2|NDUFV3|NNT|NQO2|NSDHL|OGDH|PDHA1|PDHA2|PDHB|PHGDH|PYCR1|PYCR2|QDPR|RDH5|SORD|TSTA3|TYR|UGDH,,
Colfosceril palmitate,colfosceril-palmitate,100,Launched,pulmonary surfactant,,pulmonary,respiratory distress syndrome (RDS)
Paraldehyde,asaraldehyde,87,Preclinical,cyclooxygenase inhibitor,PTGS2,,
Eslicarbazepine acetate,eslicarbazepine-acetate,100,Launched,sodium channel blocker,SCN10A|SCN11A|SCN1A|SCN2A|SCN3A|SCN4A|SCN5A|SCN7A|SCN8A|SCN9A,neurology/psychiatry,seizures
Zucapsaicin,capsaicin,90,Launched,TRPV agonist,CFTR|TRPV1,neurology/psychiatry|rheumatology,muscle pain|rheumatoid arthritis
Potassium citrate,potassium-canrenoate,81,Launched,mineralocorticoid receptor antagonist,NR3C2,cardiology,edema
Gadoteric acid,gadopentetic-acid,84,Launched,contrast agent,PGD,radiology,contrast agent
Iothalamic acid,iothalamic-acid-d3,91,Preclinical,radiopaque medium,,,
Uridine triacetate,uridine-triacetate,100,Launched,,,nephrology,orotic aciduria
Sodium citrate,sodium-nitrite,86,Launched,nitric oxide donor,,critical care,poison antidote|cyanide poisoning
Lorpiprazole,aripiprazole,83,Launched,serotonin receptor agonist|serotonin receptor antagonist,ADRA1A|ADRA1B|ADRA2A|ADRA2B|ADRA2C|CHRM1|CHRM2|CHRM3|CHRM4|CHRM5|DRD1|DRD2|DRD3|DRD4|DRD5|HRH1|HTR1A|HTR1B|HTR1D|HTR1E|HTR2A|HTR2C|HTR3A|HTR6|HTR7,neurology/psychiatry,depression|schizophrenia|bipolar disorder
Dexibuprofen,ibuprofen,86,Launched,cyclooxygenase inhibitor,,neurology/psychiatry|rheumatology|otolaryngology|obstetrics/gynecology|endocrinology|dental,headache|muscle pain|rheumatoid arthritis|backache|common cold|menstrual pain|fever|toothache
Dexketoprofen,ketoprofen,87,Launched,cyclooxygenase inhibitor,PTGS1|PTGS2|SLC5A8,rheumatology,rheumatoid arthritis|osteoarthritis
Tolfenamic acid,tolfenamic-acid,100,Launched,cyclooxygenase inhibitor|prostanoid receptor antagonist,,neurology/psychiatry,migraine headache
Bisoxatin,biotin,80,Launched,vitamin B,ACACA|ACACB|HLCS|MCCC1|MCCC2|PC|PCCA|PCCB|SLC5A6,,
Methylene blue,methylene-blue,100,Launched,guanylyl cyclase inhibitor|nitric oxide production inhibitor,ACHE,hematology,methemoglobinemia
Strontium ranelate,strontium-ranelate,100,Launched,bone formation stimulant|bone resorption inhibitor,CASR,orthopedics|rheumatology,osteoporosis|osteoarthritis
Phenylacetic acid,pentetic-acid,80,Phase 2,chelating agent,,,
Bismuth subcitrate potassium,bismuth-subcitrate-potassium,100,Launched,,,gastroenterology,duodenal ulcer disease
Tenofovir alafenamide,tenofovir-alafenamide,100,Launched,nucleoside reverse transcriptase inhibitor,,infectious disease,hepatitis B
Butylscopolamine,scopolamine,81,Launched,acetylcholine receptor antagonist,CHRM1|CHRM2|CHRM3|CHRM4|CHRM5|SI,neurology/psychiatry|gastroenterology,motion sickness|vomiting|nausea
Ioxaglic acid,ioxaglic-acid,100,Launched,radiopaque medium,,radiology,contrast agent
Zinc sulfate,sulfanilate-zinc,86,Preclinical,,,,
Iopodic acid,iopodic-acid,100,Launched,,,radiology,contrast agent
Alatrofloxacin,balofloxacin,85,Launched,bacterial DNA gyrase inhibitor,,infectious disease,gram-negative bacterial infections
Tyropanoic acid,iopanic-acid,81,Withdrawn,thyroid hormone inhibitor,,,
Metrizoic acid,metrizoic-acid,100,Launched,radiopaque medium,,radiology,contrast agent
Piperonyl butoxide,piperonyl-butoxide,100,Launched,cytochrome P450 inhibitor,,infectious disease,lice
Tannic acid,tannic-acid,100,Launched,PARG inhibitor,ANO1,gastroenterology,constipation
Fluprednisolone,prednisolone,89,Launched,glucocorticoid receptor agonist,NR3C1|NR3C2|SERPINA6,ophthalmology|dermatology|infectious disease,conjunctivitis|rosacea|punctate keratitis|shingles|iritis|cyclitis
Sodium acetate,sodium-ascorbate,80,Launched,,,,
Iocetamic acid,iocetamic-acid,100,Launched,radiopaque medium,,radiology,contrast agent
Sodium carbonate,sodium-ascorbate,81,Launched,,,,
Glycerin,glycitein,82,Phase 3,tumor necrosis factor release inhibitor,TNF,,
Sodium fluorophosphate,sodium-monofluorophosphate,92,Launched,,PYGM,dental,cavities
Cetyl alcohol,benzyl-alcohol,81,Launched,local anesthetic,,infectious disease,virus herpes simplex (HSV)
Simethicone,dimethicone,91,Launched,,,dermatology,cosmetic
Methyl salicylate,methyl-salicylate,100,Launched,,,endocrinology|neurology/psychiatry,fever|pain relief
Dexchlorpheniramine maleate,dexchlorpheniramine,83,Launched,histamine receptor antagonist,,allergy|cardiology,allergic conjunctivitis|allergic rhinitis|urticaria|angioedema
Phenyl salicylate,phenyl-salicylate,100,Launched,antiseptic,,urology,interstitial cystitis (IC)
Potassium nitrate,potassium-canrenoate,81,Launched,mineralocorticoid receptor antagonist,NR3C2,cardiology,edema
Potassium bicarbonate,potassium-canrenoate,83,Launched,mineralocorticoid receptor antagonist,NR3C2,cardiology,edema
Undecylenic acid,undecylenic-acid,100,Launched,other antifungal,,infectious disease,tinea pedis|tinea corporis
Sodium iodide,propidium-iodide,83,Preclinical,,ACHE,,
Calcium gluconate,calcium-gluceptate,86,Launched,,,,
Potassium hydroxide,potassium-iodide,80,Launched,,,pulmonary,asthma|bronchitis|emphysema
Phenyltoloxamine,phentolamine,86,Launched,adrenergic receptor antagonist,ADRA1A|ADRA1B|ADRA1D|ADRA2A|ADRA2B|ADRA2C,endocrinology|cardiology,pheochromocytoma|hypertension
Rose bengal,rose-bengal,100,Launched,contrast agent|immunostimulant,,radiology,diagnostic agent
Menthyl salicylate,methyl-salicylate,97,Launched,,,endocrinology|neurology/psychiatry,fever|pain relief
Panthenol,dexpanthenol,86,Launched,,,gastroenterology,paralytic ileus
Chromium picolinate,chromium-picolinate,100,Launched,insulin sensitizer,,endocrinology,diabetes mellitus
Dihydroergocornine,dihydroergocristine,86,Launched,adrenergic receptor antagonist|prolactin inhibitor,ADRA1A|ADRB1|DRD1|DRD2|DRD3|DRD4|DRD5|HTR1A|HTR2A|HTR3A|HTR4|HTR5A|HTR6|HTR7,neurology/psychiatry,senile dementia|cerebrovascular insufficiency
Brilliant green cation,brilliant-green,81,Launched,,,infectious disease,antiseptic
Boric acid,orotic-acid,86,Phase 2,,DHODH,,
Dipyrithione,pyrithyldione,80,Withdrawn,psychoactive drug,,,
Sinapultide,sincalide,80,Preclinical,cholecystokinin agonist,,,
Cetalkonium,cefalonium,86,Launched,bacterial cell wall synthesis inhibitor,,infectious disease,gram-positive bacterial infections
Etafedrine,ethaverine,80,Launched,calcium channel blocker,,neurology/psychiatry,muscle relaxant|spasms
Levoleucovorin,leucovorin,83,Launched,folate receptor ligand,,oncology,osteosarcoma
Normethadone,norethindrone,80,Launched,progesterone receptor agonist,PGR,obstetrics/gynecology,endometriosis
Nomegestrol,megestrol,90,Launched,progesterone receptor agonist,,oncology,breast cancer
Momelotinib,erlotinib,80,Launched,EGFR inhibitor,EGFR|NR1I2,oncology,non-small cell lung cancer (NSCLC)|pancreatic cancer
Capmatinib,apatinib,89,Phase 3,RET tyrosine kinase inhibitor,CSK|KDR|KIT|RET,,
Bempedoic acid,bempedoic-acid,100,Launched,AMPK inhibitor,ACLY,,
Nirogacestat,crenigacestat,80,Preclinical,notch signaling inhibitor,,,
Sarecycline,sancycline,86,Preclinical,antitumor agent,,,
Telotristat ethyl,telotristat-ethyl,100,Launched,tryptophan hydroxylase inhibitor,TPH1,gastroenterology,diarrhea
Deutetrabenazine,tetrabenazine,90,Launched,vesicular monoamine transporter inhibitor,SLC18A1|SLC18A2,infectious disease|neurology/psychiatry,cholera|Huntington's disease
Dopexamine,dopamine,89,Launched,dopamine receptor agonist,DBH|DRD1|DRD2|DRD3|DRD4|DRD5|HTR1A|HTR7|SLC6A2|SLC6A3|SLC6A4,cardiology|neurology/psychiatry,ventricular arrhythmias|depression|headache|tremors
Betulinic Acid,betulinic-acid,100,Phase 1/Phase 2,apoptosis stimulant|NFkB pathway inhibitor,GPBAR1,,
Piritramide,picartamide,82,Phase 2,H+/K+-ATPase inhibitor,ATP4A,,
Oxetacaine,oxethazaine,86,Launched,local anesthetic,,neurology/psychiatry,local anesthetic
Perazine,piperazine,89,Launched,benzodiazepine receptor agonist,GABRB3,infectious disease,gastrointestinal roundworms
Lactitol,lacitol,93,Launched,laxative,,gastroenterology,constipation
Dihydralazine,hydralazine,92,Launched,vasodilator,,cardiology,hypertension
Methylprednisone,methylprednisolone,94,Launched,glucocorticoid receptor agonist,NR3C1,endocrinology|rheumatology|dermatology|infectious disease|allergy|hematology|neurology/psychiatry|gastroenterology,hypercalcemia|thyroiditis|ankylosing spondylitis|bursitis|osteoarthritis|psoriatic arthritis|seborrheic dermatitis|mycosis|allergic rhinitis|psoriasis|anemia|multiple sclerosis|ulcerative colitis|enteritis
Oteseconazole,terconazole,83,Launched,sterol demethylase inhibitor,,infectious disease,vulvovaginal candidiasis
Macimorelin,tabimorelin,82,Phase 2,growth hormone secretagogue receptor agonist,GHSR,,
Amitriptylinoxide,amitriptyline,87,Launched,norepinephrine inhibitor|norepinephrine reuptake inhibitor|serotonin receptor antagonist|serotonin–norepinephrine reuptake inhibitor (SNRI),ADRA1A|ADRA1B|ADRA1D|ADRA2A|ADRB1|ADRB2|ADRB3|CHRM1|CHRM2|CHRM3|CHRM4|CHRM5|HRH1|HRH2|HRH4|HTR1A|HTR1B|HTR1D|HTR2A|HTR2C|HTR6|HTR7|KCNA1|KCND2|KCND3|KCNQ2|KCNQ3|NTRK1|NTRK2|OPRD1|OPRK1|OPRM1|SIGMAR1|SLC6A2|SLC6A4,neurology/psychiatry,depression
Norflurane,enflurane,84,Launched,membrane permeability inhibitor,GABRA1|GABRA2|GABRA3|GABRA4|GABRA5|GABRA6|GABRB1|GABRB2|GABRB3|GABRD|GABRE|GABRG1|GABRG2|GABRG3|GABRP|GABRQ|GLRA1|GLRB|KCNK10|KCNK18|KCNK2|KCNK3|KCNK9,neurology/psychiatry,anesthetic
Clobetasone,beclomethasone,80,Launched,glucocorticoid receptor agonist,NR3C1|SERPINA6,allergy,allergic rhinitis
Gluconic Acid,glucaric-acid,85,Phase 1,,,,
Mandelic acid,mandelic-acid,100,Launched,,,,
Dibenzepin,dibenzepine,95,Preclinical,norepinephrine reputake inhibitor,,,
Calcium lactate,calcium-gluceptate,85,Launched,,,,
Perboric acid,terreic-acid-(-),80,Preclinical,Bruton's tyrosine kinase (BTK) inhibitor,BTK,,
Etofamide,ethionamide,80,Launched,mycolic synthesis inhibitor,,infectious disease,tuberculosis
Benziodarone,benzbromarone,80,Launched,chloride channel blocker,ABCC1,rheumatology,gout
Carbocromen,carbazochrome,83,Launched,,,hematology,hemorrhage
Tromantadine,rimantadine,87,Launched,antiviral|RNA synthesis inhibitor,,infectious disease,influenza A virus infection
Pheneticillin,phenethicillin,96,Launched,bacterial cell wall synthesis inhibitor,,,
Ioxitalamic acid,ioxaglic-acid,83,Launched,radiopaque medium,,radiology,contrast agent
Potassium gluconate,sodium-gluconate,80,Launched,,,,
Sodium aurotiosulfate,sodium-picosulfate,82,Launched,,,gastroenterology,constipation
Magnesium gluconate,sodium-gluconate,80,Launched,,,,
Calcium levulinate,calcium-levofolinate,89,Launched,,,,
Muzolimine,zolimidine,80,Launched,mucus protecting agent,,gastroenterology,peptic ulcer disease (PUD)|gastroesophageal reflux disease (GERD)
Anethole trithione,anethole-trithione,100,Launched,glutathione transferase stimulant,,dental,xerostomia
Gamolenic acid,gamma-linolenic-acid,82,Phase 2,cyclooxygenase inhibitor|prostanoid receptor agonist,PTGS1|PTGS2,,
Dimazole,rimcazole,82,Phase 1,sigma receptor antagonist,SIGMAR1,,
Fenofibric acid,fenofibric-acid,100,Launched,cytochrome P450 inhibitor,CLCN1|PPARA,cardiology,dyslipidemia
Amylmetacresol,metacresol,83,Launched,,INS,,
Bismuth subgallate,bismuth-subgallate,100,Launched,nitric oxide synthase inhibitor,NOS1,gastroenterology,internal deoderant
Valproate bismuth,bismuth-oxalate,81,Preclinical,,,,
Piperaquine,piperazine,86,Launched,benzodiazepine receptor agonist,GABRB3,infectious disease,gastrointestinal roundworms
Testosterone enanthate,norethisterone-enanthate,83,Launched,contraceptive agent,,endocrinology,contraceptive
Estradiol acetate,estradiol-acetate,100,Launched,estrogen receptor agonist,ESR1,endocrinology|obstetrics/gynecology,menopause|vaginal atrophy
Estradiol benzoate,estradiol-benzoate,100,Preclinical,contraceptive agent,ESR1,,
Estradiol cypionate,estradiol-cypionate,100,Launched,estrogen receptor agonist,ESR1,endocrinology,hypoestrogenism|menopause
Estradiol valerate,estradiol-valerate,100,Launched,estrogen receptor agonist,ESR1,oncology|endocrinology|obstetrics/gynecology,prostate cancer|hypoestrogenism|menopause|vaginal atrophy
Isopropyl myristate,isopropyl-myristate,100,Launched,,,dermatology,cosmetic
Racemethionine,ademetionine,85,Launched,methyltransferase stimulant|phosphodiesterase inhibitor,,neurology/psychiatry,depression|attention-deficit/hyperactivity disorder (ADHD)
Potassium carbonate,potassium-canrenoate,87,Launched,mineralocorticoid receptor antagonist,NR3C2,cardiology,edema
Nomegestrol acetate,nomegestrol-acetate,100,Launched,progesterone receptor agonist,PGR,endocrinology,contraceptive
Baloxavir marboxil,baloxavir-marboxil,100,Launched,endonuclease inhibitor,,infectious disease,influenza A virus infection
alpha-Tocopherol succinate,D-alpha-tocopheryl-succinate,93,Launched,,,,
D-alpha-Tocopherol acetate,alpha-tochopheryl-acetate,90,Launched,antioxidant,,endocrinology,vitamin E deficiency
Pentetic acid,pentetic-acid,100,Phase 2,chelating agent,,,
Sodium bisulfite,sodium-picosulfate,82,Launched,,,gastroenterology,constipation
Fosnetupitant,netupitant,87,Launched,tachykinin antagonist,TACR1,gastroenterology,nausea|vomiting
Acetyl sulfisoxazole,sulfisoxazole-acetyl,100,Launched,folic acid antagonist,,infectious disease|otolaryngology,meningitis|urinary tract infections|otitis|trachoma
Medronic acid,medronic-acid,100,Launched,bone resorption inhibitor,,radiology,skeletal imaging agent
Butylparaben,butyl-paraben,96,Preclinical,DNA synthesis inhibitor,,,
Dimercaptosuccinic acid,dimercaptosuccinic-acid,100,Launched,chelating agent,DNMT1,neurology/psychiatry,metal toxicity
Linoleic acid,linoleic-acid,100,Phase 3,oxidative stress inducer,FABP4|FFAR1|FFAR4|HNF4A|KCNB1|PPARG|TRPM8,,
Chloric acid,cholic-acid,87,Launched,bile acid,ADH1C|CES1|COX4I1|COX5A|COX5B|COX6A2|COX6B1|COX6C|COX7A1|COX7B|COX7C|COX8A|ESRRG|FABP6|FECH|GPBAR1|MT-CO1|MT-CO2|MT-CO3|PLA2G1B,gastroenterology|neurology/psychiatry|genetics,bile acid synthesis disorders|peroxisomal disorders|Zellweger syndrome
Oxidronic acid,oxonic-acid,88,Preclinical,uricase inhibitor,,,
Tetramethylthiuram monosulfide,tetramethylthiuram-monosulfide,100,Preclinical,,,,
Aripiprazole lauroxil,aripiprazole-lauroxil,100,Launched,serotonin receptor agonist,,neurology/psychiatry,schizophrenia
Isoeugenol,eugenol,82,Launched,androgen receptor antagonist,AR,dental,toothache
Monomethyl fumarate,monomethyl-fumarate,100,Launched,,,neurology/psychiatry,multiple sclerosis
L-Lactic acid,ellagic-acid,80,Phase 2,glutathione transferase inhibitor|non-nucleoside reverse transcriptase inhibitor,CA1|CA12|CA14|CA2|CA3|CA4|CA5A|CA5B|CA6|CA7|CA9|CSNK2A1|GSK3B|PRKACA|PRKCA|PRKCB|SQLE|SYK,,
DL-alpha-Tocopherol,alpha-tochopherol,89,Launched,antioxidant,,endocrinology,vitamin E deficiency
DL-alpha tocopheryl acetate,alpha-tochopheryl-acetate,92,Launched,antioxidant,,endocrinology,vitamin E deficiency
Sodium ascorbate,sodium-ascorbate,100,Launched,,,,
Magnesium ascorbate,sodium-ascorbate,80,Launched,,,,
Potassium acetate,acesulfame-potassium,81,Phase 3,,,,
Sodium borate,sodium-butyrate,86,Phase 2,HDAC inhibitor,BCHE|FFAR2|FFAR3|HDAC1|HDAC2|HDAC3|HDAC8,,
Lithium citrate,lithium-citrate,100,Launched,,,neurology/psychiatry,bipolar disorder|depression
Lithium carbonate,lithium-citrate,81,Launched,,,neurology/psychiatry,bipolar disorder|depression
Mometasone furoate,mometasone-furoate,100,Launched,glucocorticoid receptor agonist,NR3C1,dermatology,corticosteroid-responsive dermatoses
Chromium gluconate,chromium-picolinate,81,Launched,insulin sensitizer,,endocrinology,diabetes mellitus
Chromium nicotinate,chromium-picolinate,89,Launched,insulin sensitizer,,endocrinology,diabetes mellitus
Hydrocortisone acetate,hydrocortisone-acetate,100,Launched,glucocorticoid receptor agonist,NR3C1,dermatology,corticosteroid-responsive dermatoses
Hydrocortisone butyrate,hydrocortisone-butyrate,100,Launched,glucocorticoid receptor agonist,NR3C1,dermatology,corticosteroid-responsive dermatoses|eczema
Hydrocortisone cypionate,hydrocortisone-acetate,83,Launched,glucocorticoid receptor agonist,NR3C1,dermatology,corticosteroid-responsive dermatoses
Hydrocortisone phosphate,hydrocortisone-phosphate,100,Launched,,,pulmonary|gastroenterology|hematologic malignancy|ophthalmology,asthma|nausea|vomiting|multiple myeloma|contact dermatitis|enteritis|colitis
Hydrocortisone probutate,hydrocortisone-phosphate,83,Launched,,,pulmonary|gastroenterology|hematologic malignancy|ophthalmology,asthma|nausea|vomiting|multiple myeloma|contact dermatitis|enteritis|colitis
Hydrocortisone valerate,hydrocortisone-valerate,100,Launched,glucocorticoid receptor agonist,NR3C1,dermatology,corticosteroid-responsive dermatoses
Eslicarbazepine,licarbazepine,93,Phase 3,voltage-gated sodium channel blocker,SCN5A,,
Segesterone acetate,segesterone-acetate,100,Launched,progesterone receptor agonist,PGR,,
Prednisolone phosphate,prednisolone-sodium-phosphate,86,Launched,glucocorticoid receptor agonist,NR3C1,allergy|pulmonary|ophthalmology|infectious disease|rheumatology|endocrinology|neurology/psychiatry|gastroenterology|hematology,allergic rhinitis|asthma|contact dermatitis|mycosis|lupus|hypercalcemia|thyroiditis|congenital adrenal hyperplasia|multiple sclerosis|ulcerative colitis|enteritis|thrombocythemia|pneumonia|meningitis|psoriatic arthritis|rheumatoid arthritis
Prednisolone tebutate,prednisolone-tebutate,100,Launched,anti-inflammatory agent,,,
Methylprednisolone aceponate,methylprednisolone-aceponate,100,Launched,anti-inflammatory agent|glucocorticoid receptor agonist,NR3C1,endocrinology|rheumatology|infectious disease|allergy|pulmonary|gastroenterology|dermatology|neurology/psychiatry|hematology,congenital adrenal hyperplasia|thyroiditis|hypercalcemia|rheumatoid arthritis|bursitis|epicondylitis|allergic rhinitis|asthma|ulcerative colitis|enteritis|osteoarthritis|psoriasis|multiple sclerosis|anemia
Methylprednisolone hemisuccinate,prednisolone-hemisuccinate,90,Preclinical,glucocorticoid receptor agonist,NR3C1,,
Prednisone acetate,prednisolone-acetate,95,Launched,glucocorticoid receptor agonist,NR3C1,ophthalmology|dermatology|infectious disease,conjunctivitis|rosacea|punctate keratitis|shingles|iritis|cyclitis
Dexamethasone acetate,dexamethasone-acetate,100,Launched,glucocorticoid receptor agonist,,endocrinology|rheumatology|allergy|gastroenterology|hematology|neurology/psychiatry|dermatology,hypercalcemia|rheumatoid arthritis|psoriatic arthritis|osteoarthritis|allergic rhinitis|ulcerative colitis|anemia|multiple sclerosis|enteritis|lupus|dermatitis herpetiformis (DH)|nephrotic syndrome|psoriasis
Drostanolone propionate,dromostanolone-propionate,96,Launched,androgen receptor modulator,AR,oncology,breast cancer
Chlorphenesin carbamate,chlorphensin-carbamate,98,Launched,muscle relaxant,,neurology/psychiatry,spasms
Paramethasone acetate,betamethasone-acetate,86,Launched,glucocorticoid receptor agonist,NR3C1,dermatology,corticosteroid-responsive dermatoses
Chloramphenicol palmitate,chloramphenicol-palmitate,100,Launched,protein synthesis inhibitor,,infectious disease|endocrinology,meningitis|fever|cholera
Betamethasone phosphate,betamethasone-phosphate,100,Launched,,,rheumatology,rheumatoid arthritis
Estramustine phosphate,estramustine-phosphate,100,Launched,DNA synthesis inhibitor|microtubule inhibitor,ESR1|ESR2|MAP1A|MAP2,oncology,prostate cancer
Sodium metavanadate,sodium-orthovanadate,82,Preclinical,,,,
Cefamandole nafate,cefamandole-nafate,100,Launched,bacterial cell wall synthesis inhibitor,,infectious disease,skin infections|urinary tract infections|respiratory tract infections
Racephedrine,ephedrine,86,Launched,adrenergic receptor agonist,ACHE|ADRA1A|ADRB2|SLC18A2|SLC6A2,cardiology|pulmonary|neurology/psychiatry|endocrinology,hypotension|asthma|narcolepsy|obesity
Diroximel fumarate,diroximel-fumarate,100,Phase 3,anti-inflammatory agent,,,
Vibegron,amibegron,82,Phase 3,adrenergic receptor agonist,ADRB3,,
Ritlecitinib,itacitinib,82,Phase 3,JAK inhibitor,JAK1,,
Abrocitinib,baricitinib,82,Launched,JAK inhibitor,JAK1|JAK2,rheumatology,rheumatoid arthritis
Aprocitentan,macitentan,82,Launched,endothelin receptor antagonist,EDNRA|EDNRB,endocrinology,contraceptive
Pemigatinib,pelitinib,80,Phase 2,EGFR inhibitor,EGFR,,
Vamorolone,amorolfine,80,Launched,membrane integrity inhibitor,,infectious disease,onychomycosis
Tovorafenib,sorafenib,80,Launched,FLT3 inhibitor|KIT inhibitor|PDGFR tyrosine kinase receptor inhibitor|RAF inhibitor|RET tyrosine kinase inhibitor|VEGFR inhibitor,BRAF|DDR2|FGFR1|FLT1|FLT3|FLT4|KDR|KIT|PDGFRB|RAF1|RET,oncology,renal cell carcinoma (RCC)|thyroid cancer|hepatocellular carcinoma (HCC)
Resorcinol monoacetate,resorcinol-monoacetate,100,Launched,antiseptic,,,
Colchiceine,colchicine,95,Launched,microtubule inhibitor,GLRA1|GLRA2|TUBA1A|TUBA1B|TUBA1C|TUBA3C|TUBA3D|TUBA3E|TUBA4A|TUBB|TUBB1|TUBB2A|TUBB2B|TUBB3|TUBB4A|TUBB4B|TUBB6|TUBB8,rheumatology|endocrinology,gout|fever
Prednisolone acetate,prednisolone-acetate,100,Launched,glucocorticoid receptor agonist,NR3C1,ophthalmology|dermatology|infectious disease,conjunctivitis|rosacea|punctate keratitis|shingles|iritis|cyclitis
Ethyl salicylate,methyl-salicylate,97,Launched,,,endocrinology|neurology/psychiatry,fever|pain relief
Pralsetinib,alectinib,80,Launched,ALK tyrosine kinase receptor inhibitor,ALK|MET,oncology,non-small cell lung cancer (NSCLC)
Thenyldiamine,thonzylamine,80,Launched,antihistamine,,neurology/psychiatry,itching
Indocyanine green,indocyanine-green,100,Launched,contrast agent,SLCO1B1,cardiology,vascular imaging agent
Foscarbidopa,carbidopa,86,Launched,aromatic L-amino acid decarboxylase inhibitor,DDC,neurology/psychiatry,Parkinson's Disease
Prasterone enantate,prasterone-acetate,86,Preclinical,,,,
Foslevodopa,levodopa,84,Launched,dopamine precursor,DRD1|DRD2|DRD3|DRD4|DRD5|GPR143,neurology/psychiatry,Parkinson's Disease
Durlobactam,sulbactam,80,Launched,beta lactamase inhibitor,,infectious disease,skin infections|intra-abdominal infections|gynecologic infections
Pirtobrutinib,ibrutinib,82,Launched,Bruton's tyrosine kinase (BTK) inhibitor,BLK|BMX|BTK,hematologic malignancy,chronic lymphocytic leukemia (CLL)|mantle cell lymphoma (MCL)|Waldenstrom's macroglobulinemia (WM)
Lomifylline,lisofylline,82,Phase 2,interleukin receptor antagonist|STAT inhibitor,,,
Enmetazobactam,tazobactam,83,Launched,beta lactamase inhibitor,,infectious disease,pneumonia
Benzgalantamine,galantamine,85,Launched,acetylcholinesterase inhibitor,ACHE|BCHE|CHRNA1|CHRNA10|CHRNA2|CHRNA3|CHRNA4|CHRNA5|CHRNA6|CHRNA7|CHRNA9|CHRNB1|CHRNB2|CHRNB3|CHRNB4|CHRND|CHRNE|CHRNG,neurology/psychiatry,senile dementia
Chlorisondamine,chlorindione,81,Preclinical,,,,
Latanoprost acid,latanoprost,81,Launched,prostanoid receptor agonist,PTGFR,ophthalmology,ocular hypertension|glaucoma
